generation,best_damage,avg_damage,best_travel,avg_travel,best_battery,avg_battery,hypervolume,n_pareto
1,4.422993399284784,2.8651900317236656,165.58949596182072,224.4342791289203,165.58949596182072,224.4342791289203,35188.93306233501,5
2,4.565340639610421,3.0648411964706557,165.58949596182072,209.71856420796547,165.58949596182072,209.71856420796547,41359.448788898,7
3,4.887608464255517,3.4012692488673726,165.58949596182072,204.011660479104,165.58949596182072,204.011660479104,46514.946369821824,7
4,4.887608464255517,3.4751672280138624,165.24748820281553,192.99555980611197,165.24748820281553,192.99555980611197,53657.77923352806,6
5,4.887608464255517,3.6940417345297534,165.24748820281553,193.00441385614528,165.24748820281553,193.00441385614528,53657.77923352806,6
6,5.19327933960182,3.743649968909078,165.24748820281553,189.8874956808114,165.24748820281553,189.8874956808114,54797.04435009775,8
7,5.19327933960182,3.8046871263528015,165.24748820281553,189.06333315322794,165.24748820281553,189.06333315322794,54797.444285611346,9
8,5.19327933960182,3.710539205887983,165.24748820281553,185.88414453973417,165.24748820281553,185.88414453973417,54862.76035963447,12
9,5.19327933960182,3.631945032921573,165.24748820281553,181.18925466531576,165.24748820281553,181.18925466531576,56091.50137565668,12
10,5.19327933960182,3.810490319973732,165.24748820281553,181.4951612146292,165.24748820281553,181.4951612146292,58430.648444430146,9
11,5.19327933960182,3.8001477091062896,165.24748820281553,181.27714210199025,165.24748820281553,181.27714210199025,58430.648444430146,11
12,5.19327933960182,4.009784068014498,165.24748820281553,182.1874574930765,165.24748820281553,182.1874574930765,58430.648444430146,16
13,5.293332868971473,3.9572297135302903,165.24748820281553,181.36816431649018,165.24748820281553,181.36816431649018,58502.28785501291,19
14,5.293332868971473,4.043939746617824,165.24748820281553,180.62463970387904,165.24748820281553,180.62463970387904,58502.28785501291,23
15,5.293332868971473,3.9759486453928172,165.24748820281553,179.65158259032862,165.24748820281553,179.65158259032862,58502.28785501291,25
16,5.293332868971473,3.991764972148944,165.24748820281553,177.75880004507596,165.24748820281553,177.75880004507596,58502.28785501291,29
17,5.293332868971473,4.15079233934877,165.24748820281553,180.90727123510823,165.24748820281553,180.90727123510823,58502.28785501291,30
18,5.5865221619261565,4.002764167686586,165.24748820281553,176.88404197117046,165.24748820281553,176.88404197117046,58957.172303614985,30
19,5.5865221619261565,4.082784942372016,165.24748820281553,178.54265979323444,165.24748820281553,178.54265979323444,59156.66204240988,30
20,5.5865221619261565,3.992929264512789,159.25889814555185,178.17035242613863,159.25889814555185,178.17035242613863,62553.83402050588,30
21,5.5865221619261565,3.9905439517601096,159.25889814555185,181.6429893036234,159.25889814555185,181.6429893036234,62617.54496128435,30
22,5.5865221619261565,4.000544803528428,159.25889814555185,182.35947040289815,159.25889814555185,182.35947040289815,63039.93741293325,30
23,5.5865221619261565,4.127186577069025,159.25889814555185,183.73165925511228,159.25889814555185,183.73165925511228,63039.93741293325,30
24,5.5865221619261565,4.1531417425013455,159.25889814555185,185.9111762734957,159.25889814555185,185.9111762734957,63039.93741293325,30
25,5.5865221619261565,4.059824696328548,159.25889814555185,183.9836993761764,159.25889814555185,183.9836993761764,63039.93741293325,30
26,5.5865221619261565,3.9702970623366767,159.25889814555185,182.2460298699423,159.25889814555185,182.2460298699423,63194.26064595549,30
27,5.5865221619261565,3.9458062068127924,159.25889814555185,181.96435944567654,159.25889814555185,181.96435944567654,63194.26064595549,30
28,5.5865221619261565,3.99280993721891,159.25889814555185,181.83198368597297,159.25889814555185,181.83198368597297,63194.26064595549,30
29,5.5865221619261565,4.194009109337328,159.25889814555185,186.19211166740843,159.25889814555185,186.19211166740843,63194.26064595549,30
30,5.5865221619261565,4.03351612912943,159.25889814555185,182.63180826924426,159.25889814555185,182.63180826924426,63194.26064595549,30
31,5.5865221619261565,4.122994893391108,159.25889814555185,183.6583093579376,159.25889814555185,183.6583093579376,63194.26064595549,30
32,5.5865221619261565,4.307586257773858,159.25889814555185,187.21935471759576,159.25889814555185,187.21935471759576,64420.36473637044,24
33,5.5865221619261565,4.273012725766223,159.25889814555185,187.0916538739911,159.25889814555185,187.0916538739911,64570.23138789849,28
34,5.5865221619261565,4.204869291523206,159.25889814555185,187.09351394430144,159.25889814555185,187.09351394430144,64841.32601370731,25
35,5.5865221619261565,4.033918690855115,159.25889814555185,184.5635511805033,159.25889814555185,184.5635511805033,64841.32601370731,30
36,5.5865221619261565,4.191901420064789,159.25889814555185,187.04651366966658,159.25889814555185,187.04651366966658,65000.35394243165,30
37,5.5865221619261565,4.114369587909586,159.25889814555185,185.14623388374105,159.25889814555185,185.14623388374105,65000.35394243165,30
38,5.5865221619261565,4.118537753755164,159.25889814555185,179.9926649683989,159.25889814555185,179.9926649683989,65196.258509734704,30
39,5.5865221619261565,4.138876826326039,159.25889814555185,180.40836266638095,159.25889814555185,180.40836266638095,65196.258509734704,30
40,5.5865221619261565,4.0744530882483145,159.25889814555185,180.0189892313346,159.25889814555185,180.0189892313346,65196.258509734704,30
41,5.5865221619261565,4.259625101389986,159.25889814555185,182.4712307458722,159.25889814555185,182.4712307458722,65196.258509734704,30
42,5.5865221619261565,4.189447252189423,159.25889814555185,185.01631386555226,159.25889814555185,185.01631386555226,66419.48833093523,25
43,5.5865221619261565,4.233968709630731,159.25889814555185,186.45911412665293,159.25889814555185,186.45911412665293,66419.48833093523,30
44,5.5865221619261565,3.945673860766027,159.25889814555185,185.40540003859056,159.25889814555185,185.40540003859056,66798.65581362102,25
45,5.5865221619261565,3.8197809101658993,159.25889814555185,183.2819259694277,159.25889814555185,183.2819259694277,66982.26096655552,25
46,5.5865221619261565,3.960280547337274,159.25889814555185,184.7953117781741,159.25889814555185,184.7953117781741,66982.26096655552,30
47,5.5865221619261565,4.047720477925991,159.25889814555185,185.6643921126844,159.25889814555185,185.6643921126844,66982.26096655552,30
48,5.5865221619261565,4.156230520687546,159.25889814555185,189.18088645326324,159.25889814555185,189.18088645326324,67133.08654482485,30
49,5.5865221619261565,4.248816527258382,159.25889814555185,190.18289765392439,159.25889814555185,190.18289765392439,67183.57688109977,30
50,5.5865221619261565,4.0919082662188675,159.25889814555185,182.3132858398865,159.25889814555185,182.3132858398865,67229.53388864279,30
